sample_id,split,image_path,mask_path,inference_seconds,precision,recall,f1_score,iou,pixel_accuracy
fpww0180049_rgb1_20170308_113954_6,test,data/ews/test/FPWW0180049_RGB1_20170308_113954_6.png,data/ews/test/FPWW0180049_RGB1_20170308_113954_6_mask.png,0.020119374999922,0.9367037098039975,0.8347363604182316,0.8827853210003926,0.7901662389460091,0.7904163265306122
fpww0180049_rgb1_20170315_102908_6,test,data/ews/test/FPWW0180049_RGB1_20170315_102908_6.png,data/ews/test/FPWW0180049_RGB1_20170315_102908_6_mask.png,0.02133470899934764,0.9090301322763956,0.8440412532035081,0.8753310771041789,0.778301115363229,0.7786775510204081
fpww0180049_rgb1_20170329_143149_6,test,data/ews/test/FPWW0180049_RGB1_20170329_143149_6.png,data/ews/test/FPWW0180049_RGB1_20170329_143149_6_mask.png,0.021230750000540866,0.6632779473556495,0.5479136994250146,0.6001016847311132,0.42867519603796944,0.43497142857142856
fpww0180049_rgb1_20170412_132427_6,test,data/ews/test/FPWW0180049_RGB1_20170412_132427_6.png,data/ews/test/FPWW0180049_RGB1_20170412_132427_6_mask.png,0.021072750001621898,0.4660933690734654,0.5043905128171473,0.4844863018016314,0.3196845415370281,0.3324244897959184
fpww0180049_rgb1_20170420_111709_6,test,data/ews/test/FPWW0180049_RGB1_20170420_111709_6.png,data/ews/test/FPWW0180049_RGB1_20170420_111709_6_mask.png,0.020514083000307437,0.3214063789729464,0.7457659945339904,0.4492131802037695,0.2896679121007715,0.30626938775510204
fpww0180049_rgb1_20170517_142522_6,test,data/ews/test/FPWW0180049_RGB1_20170517_142522_6.png,data/ews/test/FPWW0180049_RGB1_20170517_142522_6_mask.png,0.020537874999718042,0.3722557517822424,0.7040044429974912,0.4870006425160132,0.3218776267862146,0.3677795918367347
fpww0180094_rgb1_20170308_114711_6,test,data/ews/test/FPWW0180094_RGB1_20170308_114711_6.png,data/ews/test/FPWW0180094_RGB1_20170308_114711_6_mask.png,0.02041083400035859,0.9757975306879817,0.9132525694438647,0.9434896428586831,0.8930245089234689,0.8930367346938776
fpww0180135_rgb1_20170505_154117_6,test,data/ews/test/FPWW0180135_RGB1_20170505_154117_6.png,data/ews/test/FPWW0180135_RGB1_20170505_154117_6_mask.png,0.021237458000541665,0.42669625999276906,0.6941299482102306,0.5285077216835322,0.35916445466380376,0.3811673469387755
fpww0180139_rgb1_20170412_134921_6,test,data/ews/test/FPWW0180139_RGB1_20170412_134921_6.png,data/ews/test/FPWW0180139_RGB1_20170412_134921_6_mask.png,0.020700541001133388,0.5053392386490232,0.44170526065787913,0.4713843970193137,0.30837340407892555,0.3189877551020408
fpww0180151_rgb1_20170420_130936_6,test,data/ews/test/FPWW0180151_RGB1_20170420_130936_6.png,data/ews/test/FPWW0180151_RGB1_20170420_130936_6_mask.png,0.020191499999782536,0.31703301592951855,0.4994917452416839,0.38787647835377054,0.24059972647610042,0.2656816326530612
fpww0180357_rgb1_20170405_173042_6,test,data/ews/test/FPWW0180357_RGB1_20170405_173042_6.png,data/ews/test/FPWW0180357_RGB1_20170405_173042_6_mask.png,0.02076787500118371,0.6233336888130532,0.4999625776513734,0.5548732370967646,0.38396163668163863,0.38756734693877554
fpww0180367_rgb1_20170323_154909_6,test,data/ews/test/FPWW0180367_RGB1_20170323_154909_6.png,data/ews/test/FPWW0180367_RGB1_20170323_154909_6_mask.png,0.021610749998217216,0.8293299911462705,0.6706026740056158,0.7415678351660215,0.58927914899875,0.5896244897959184
fpww0180367_rgb1_20170329_143316_6,test,data/ews/test/FPWW0180367_RGB1_20170329_143316_6.png,data/ews/test/FPWW0180367_RGB1_20170329_143316_6_mask.png,0.02060808399983216,0.677426459454623,0.5019020325742201,0.5766022261277095,0.40508861030398313,0.41000816326530615
fpww0180367_rgb1_20170405_173248_6,test,data/ews/test/FPWW0180367_RGB1_20170405_173248_6.png,data/ews/test/FPWW0180367_RGB1_20170405_173248_6_mask.png,0.020577874998707557,0.3655042309742861,0.36493052712035595,0.3652171537458082,0.22340407754010697,0.2412816326530612
fpww0180367_rgb1_20170412_145913_6,test,data/ews/test/FPWW0180367_RGB1_20170412_145913_6.png,data/ews/test/FPWW0180367_RGB1_20170412_145913_6_mask.png,0.021344125001633074,0.3790496260102355,0.49982441943905825,0.43113859202043947,0.27480986518476236,0.2947836734693878
fpww0180367_rgb1_20170505_163137_6,test,data/ews/test/FPWW0180367_RGB1_20170505_163137_6.png,data/ews/test/FPWW0180367_RGB1_20170505_163137_6_mask.png,0.02060058400093112,0.16380367367832102,0.31379703534777653,0.2152471979539002,0.12060336742832602,0.18095510204081633
fpww0180374_rgb1_20170222_133502_6,test,data/ews/test/FPWW0180374_RGB1_20170222_133502_6.png,data/ews/test/FPWW0180374_RGB1_20170222_133502_6_mask.png,0.020964249997632578,0.9831038049099123,0.7497882728042644,0.8507393084086616,0.7402492007541602,0.7413306122448979
fpww0180375_rgb1_20170222_133519_6,test,data/ews/test/FPWW0180375_RGB1_20170222_133519_6.png,data/ews/test/FPWW0180375_RGB1_20170222_133519_6_mask.png,0.02082483399863122,0.9747410609220445,0.6971974766456387,0.8129330029636107,0.6848248708734764,0.6856816326530613
fpww0180546_rgb1_20170505_135217_6,test,data/ews/test/FPWW0180546_RGB1_20170505_135217_6.png,data/ews/test/FPWW0180546_RGB1_20170505_135217_6_mask.png,0.020522417002212023,0.11804437180011057,0.23738972809667674,0.15768054518746838,0.0855880584529318,0.14337142857142857
fpww0180591_rgb1_20170510_160229_6,test,data/ews/test/FPWW0180591_RGB1_20170510_160229_6.png,data/ews/test/FPWW0180591_RGB1_20170510_160229_6_mask.png,0.021021374999691034,0.32686958515697434,0.649974227826018,0.434986235032671,0.2779440314007409,0.30471020408163263
fpww0180608_rgb1_20170517_164913_6,test,data/ews/test/FPWW0180608_RGB1_20170517_164913_6.png,data/ews/test/FPWW0180608_RGB1_20170517_164913_6_mask.png,0.021244999999908032,0.6063427030391039,0.9288305704147026,0.7337147519036064,0.5794229641438212,0.5843428571428572
fpww0180665_rgb1_20170510_162129_6,test,data/ews/test/FPWW0180665_RGB1_20170510_162129_6.png,data/ews/test/FPWW0180665_RGB1_20170510_162129_6_mask.png,0.021587541999906534,0.21056081658453218,0.3798302293171164,0.2709301362332156,0.15669126037683256,0.2097061224489796
fpww0180741_rgb1_20170308_135245_6,test,data/ews/test/FPWW0180741_RGB1_20170308_135245_6.png,data/ews/test/FPWW0180741_RGB1_20170308_135245_6_mask.png,0.022019083000486717,0.9065866833795924,0.2550438688552118,0.3980945141928551,0.24851310999304618,0.2501387755102041
fpww0180755_rgb1_20170323_173949_6,test,data/ews/test/FPWW0180755_RGB1_20170323_173949_6.png,data/ews/test/FPWW0180755_RGB1_20170323_173949_6_mask.png,0.02074029199866345,0.7130824581121058,0.5550483162223854,0.6242182994266587,0.4537190014713256,0.45746938775510204
